id,tabela,linha_2027,oferta_hoje,codigo_hoje,readiness_atual,readiness_alvo_fy,nome_2027,decisao_ou_tipo,o_que_e,potencial,como_sem_ia,como_com_ia,receita,tem_recorrencia,para_quem,fatias,sinergia,nota_prioridade_0_30,onda,natureza
A1,A,Transversal,IT M&A Playbook,ITMA-01,2.7,3.7,M&A Tech Playbook + Copilot,Reformular,"Método de M&A de TI do cliente, usado deal a deal",Médio-alto,"Playbook-base por tipo de deal; 3 pacotes (Essencial, Completo, Com acompanhamento); trilha de capacitação; 2 cases","Copiloto que responde com base no playbook do cliente, gera checklists e incorpora lições de cada deal",Setup (única) + assinatura anual (mensal),sim,Corporates com aquisições recorrentes; plataformas buy-and-build,F5; F1,Porta de entrada para Tech DD e Day 1,,Onda 4,proposta (💡) sobre base interna (📘)
A2,A,1 · Decidir,"IT Due Diligence Buy Side (+ variantes PE, VC e Corporate)",ITMA-02; ITMA-09; ITMA-10,4.5,4.7,Technology Due Diligence,Evoluir (carro-chefe),"DD pré-deal com 3 profundidades e 4 módulos (IT Core, Cyber & Privacy, Software & Code, Data & AI)",Alto e defensivo,"Red Flag 1–2 sem., Standard 3–4 sem., Deep Dive até 6 sem.; preço por módulo; Corporate e VC viram lentes; saída na linguagem do deal","Deal Evidence Graph: ingestão do VDR, evidências com citação, sugestão de nota por âncora, contradições e lacunas viram Q&A; cálculos em regras determinísticas",Projeto (única) + pacote anual para fundos,sim (pacote anual),Fundos de PE/VC; corporates estratégicos,F1; F4; F5,"Alimenta Day 1, Transaction Office, Value Creation e benchmark",,Onda 1,proposta (💡) sobre base interna (📘)
A3,A,2 · Transacionar,IT Separation Strategy & Design,ITMA-03,3.6,4.1,Carve-out & Separation Blueprint,Reformular e fundir,"Estratégia de separação com entanglements, cenários, custos e modelo de TSA",Alto,Fundir com a parte de separação do Planning; catálogo de entanglements por setor; modelo de TSA; custo one-time e stranded padronizado,"Grafo de dependências (inventário, CMDB, contratos, acessos); leitura de contratos; simulação de cenários com custo e prazo",Projeto (única) → upsell mensal (TSA Control Tower),via upsell,Corporates desinvestindo; fundos comprando carve-outs; vendedores de UPI,F2; F3,Gera o TSA Control Tower (B1) e o SMO,,Onda 2,proposta (💡) sobre base interna (📘)
A4,A,2 · Transacionar,IT Integration & Separation Planning,ITMA-04,4.0,4.3,Day 1 & 100-Day Readiness,Evoluir,Plano entre signing e closing para o Day 1 e os primeiros 100 dias,Alto,Checklist-padrão por setor (base de 100+ projetos); cronograma-modelo de 100 dias; preço fixo por porte e complexidade,Plano de Day 1 gerado dos findings da DD; caminho crítico e dependências automáticos; rascunho de charters,Projeto (única),não,Compradores após o signing; vendedores com TSA,F1; F2; F5,Porta para o Transaction Office,,Onda 2,proposta (💡) sobre base interna (📘)
A5,A,2 · Transacionar,IT Integration Management Office (IMO),ITMA-05,3.5,4.0,Transaction Office: Integration (IMO),Evoluir e ferramentar,Escritório de integração com sinergias validadas por Finanças,Alto (espaço mais disputado),Método de PMO; painel de sinergias baseline × realizado validado por Finanças; rituais e metas contratuais,"Control tower: status lido das ferramentas do cliente, RAID assistido, alertas, sumário semanal com citações, rastreio de sinergias",Mensal (3–12 meses) + componente por sinergia,sim,Compradores em PMI,F1; F2,Usa o DNA de execução do TMO (N6),,Onda 2,proposta (💡) sobre base interna (📘)
A6,A,2 · Transacionar,IT Separation Management Office (SMO) — tachada no slide,ITMA-06,3.9,4.3,Transaction Office: Separation (SMO),Fundir com IMO; não descontinuar,"Escritório de separação para a NewCo, com saída do TSA",Alto (ano do carve-out),"Mesmo método do IMO, com foco em NewCo e TSA",Mesmo motor do IMO + acompanhamento da saída do TSA,Mensal,sim,NewCos de carve-out; vendedores,F2; F3,Com A3 e B1 forma a trilha completa de separação,,Onda 2,proposta (💡) sobre base interna (📘)
A7,A,4 · Sair,IT Vendor DD (Sell Side),ITMA-07,2.7,3.7,Exit Readiness Track + Technology Vendor DD,Reformular (de relatório para programa),Programa de prontidão para a venda + relatório independente na hora da venda,Alto,"Track de 6–24 meses com score trimestral, remediação e data room sempre pronto; VDD separado",Verificador de completude do data room (banco de 96 perguntas + perguntas de comprador); Q&A com citação; agente 'comprador simulado',Mensal (track) + única (VDD),sim,Fundos em saída; corporates desinvestindo; vendedores de UPI,F1; F2; F3,Fecha o ciclo: o exit de um fundo é o pré-deal do próximo,,Onda 3,proposta (💡) sobre base interna (📘)
A8,A,3 · Criar valor,IT Synergies & Value Creation,ITMA-08,2.3,3.3,Tech Value Creation Office,Reformular (dar corpo de produto),"Escritório de valor de tecnologia por investida ou por fundo, no hold period",Muito alto e recorrente,Plano de valor por investida (100 dias + hold); cardápio de alavancas; governança trimestral com o operating partner; KPIs-padrão,"Motor de alavancas sobre contratos, faturas e inventário; estimativa com lastro N1–N3; previsto × realizado; relatório trimestral ao fundo",Mensal + componente por resultado,sim,Operating partners de PE; plataformas buy-and-build,F1,"Âncora da camada recorrente (Cyber Watch, CIO fracionado, Cost Optimization)",,Onda 3,proposta (💡) sobre base interna (📘)
B1,B,2 · Transacionar,,,,,TSA Control Tower,Produto novo,"Gestão contínua dos TSAs: serviços, SLA, custo, faturas e marcos de saída",Alto,"Inventário-padrão de serviços TSA, modelo de SLA e custo, plano de saída por serviço, painel e ritual mensal","Leitura de contratos de TSA e faturas, conciliação cobrança × serviço, alertas de marcos e de risco de prorrogação",Mensal (6–24 meses),sim,"Compradores de carve-out, vendedores, NewCos",F2; F3,Nasce de A3 e A6; usa a execução do TMO,27,Onda 2,proposta (💡)
B2,B,1 · Decidir,,,,,Tech Deal Screening,Produto novo,"Triagem de tecnologia e cyber de alvos em 5–10 dias, antes da LOI",Alto,"Questionário curto, checklist outside-in, template de 5 páginas, SLA de 5–10 dias","Leitura de teaser/CIM e fontes públicas, varredura outside-in, red flags com citação, perguntas para a DD",Única (preço fixo) ou assinatura de N triagens/mês,sim (assinatura),Fundos de PE/VC e CVCs com pipeline ativo,F1,Funil de entrada da Technology DD (A2),26,Onda 1,proposta (💡)
B3,B,1 · Decidir / 3 · Criar valor,,,,,Cyber & Privacy DD + Portfolio Cyber Watch,Módulo + produto novo,"DD de cyber e LGPD e, depois, monitoramento contínuo das investidas",Alto,Framework de avaliação; calendário semestral; plano de 100 dias,"Consolidação de ratings, evidências e incidentes; relatório trimestral ao fundo e respostas a LPs",Única (DD) + mensal (Watch),sim,Fundos de PE e investidas,F1,Módulo da Tech DD; parceria com A&M Global Cyber Risk,25,Onda 1 (DD) / Onda 3 (Watch),proposta (💡)
B4,B,3 · Criar valor,,,,,Fractional / Interim CIO-CTO-CAIO,Produto novo,"Liderança de tecnologia por dias/mês ou interina, para investidas e NewCos",Alto,"Pool de executivos, modelo de dias/mês, playbook de 100 dias do CIO, integração com a Interim Leadership da A&M","Copiloto de gestão: status, riscos e board pack mensal",Mensal,sim,"Investidas de PE, NewCos, empresas em reestruturação",F1; F2; F3,Executa o plano de valor (A8) ou a separação (A3/A6),24,Onda 3,proposta (💡)
B5,B,1 · Decidir,,,,,AI Due Diligence,Módulo novo da Tech DD,Avaliação da IA do alvo e do risco de disrupção do negócio por IA,Alto,"Framework com 8–10 dimensões: capacidade real × wrapper, direitos sobre dados, custo de inferência, dependência, qualidade, segurança, governança, disrupção","Testes práticos assistidos: amostras de outputs, custo por chamada, análise de prompts e pipelines",Única (módulo),não,Alvos de software e serviços digitais; teses que dependem de IA,F4; F1,Preenche a lacuna de IA no alvo da esteira atual,23,Onda 1,proposta (💡)
B6,B,Transversal,,,,,Distressed Tech & UPI,Produto novo,"Avaliação expressa de ativos tecnológicos, separação de TI e continuidade em RJ e venda de UPI",Alto,"Kit expresso: inventário da UPI, dependências com o grupo, plano de separação e continuidade, custo standalone mínimo","Leitura rápida de inventários, contratos e acessos; grafo de dependências",Única (avaliação) + mensal (continuidade e TI interina),sim,"Empresas em RJ, administradores judiciais, FIDCs, compradores",F3,Oferta conjunta com A&M Restructuring,23,Onda 2,proposta (💡)
B7,B,3 · Criar valor,,,,,"Cost, License & Cloud Optimization",Produto novo,"Captura de economia em licenças, cloud e contratos de TI, com honorário atrelado ao resultado",Médio-alto,"Diagnóstico de 4–6 semanas, catálogo de alavancas, renegociação acompanhada, validação por Finanças","Conciliação de contratos, consumo e faturas; detecção de licenças ociosas e duplicadas","Única + por resultado (% da economia comprovada, com teto)",parcial,"Investidas de PE, empresas pós-aquisição e em reestruturação",F1; F3,Alavanca rápida do Value Creation Office (A8),23,Onda 3,proposta (💡)
B8,B,3 · Criar valor,,,,,Portfolio Tech Intelligence,Produto de dados novo,Painel de indicadores de tecnologia das investidas com benchmark brasileiro proprietário,Médio,"Indicadores-padrão (razão de TI, custo total real, maturidade nas 8 dimensões, cyber, adoção de IA)",Normalização de dados heterogêneos e leituras comparativas,Mensal / anual,sim,Fundos de PE,F1,Depende do volume de deals no grafo (Deal Memory),22,Onda 4,proposta (💡)
B9,B,3 · Criar valor,,,,,AI Value Sprint,Produto novo,Identificar e colocar em produção casos de IA nas investidas em 6–8 semanas,Médio-alto,"Sprint: diagnóstico, 2 casos em produção, plano",É o próprio produto,Única + mensal (operação dos casos),sim,Investidas de PE; empresas pós-aquisição,F1,Alinhado ao AI-ZBO da A&M; DTS cuida de tecnologia e dados,22,Onda 4,proposta (💡)
B10,B,1 · Decidir,,,,,Software & Code DD,Módulo novo da Tech DD,"Scan de código, open source e licenças, dívida técnica e código gerado por IA",Médio,Parceria com ferramenta de análise de código e leitura na linguagem do deal,Ferramenta do parceiro com análise assistida,Única (módulo),não,Alvos de software,F4,Módulo da Tech DD,17,Onda 4,proposta (💡)
